Ascyst-SetRounds-1.2.4	thunderstore	https://thunderstore.io/package/download/Ascyst/SetRounds/1.2.4/	04c3b97924fabb5a3325dba384b4448bef256603386b33db54c5c9272b1a43ec
BossSloth-CardBarPatch-2.1.1	thunderstore	https://thunderstore.io/package/download/BossSloth/CardBarPatch/2.1.1/	3eaa906c0b1ed7c23b1e4fb7260218fd18c11cdaee6b6c346d0de03c92eece66
olavim-MapsExtended-1.4.2	thunderstore	https://thunderstore.io/package/download/olavim/MapsExtended/1.4.2/	a4d468072f5159286c5783689dce953570030b7ba2ff91aa2da8e6de47250abf
Pykess-CardChoiceSpawnUniqueCardPatch-0.1.10	thunderstore	https://thunderstore.io/package/download/Pykess/CardChoiceSpawnUniqueCardPatch/0.1.10/	311392c9665de8748d1ff8e61d6dd5663ece94292e33184f6e44ce8b3f838820
Pykess-DemonicPactPatch-0.0.0	thunderstore	https://thunderstore.io/package/download/Pykess/DemonicPactPatch/0.0.0/	4c2e20bebd24264d7e069eef18f8e2c70fdb7f733d6dbacbce3f2db3e699818b
Pykess-GunUnblockablePatch-0.0.0	thunderstore	https://thunderstore.io/package/download/Pykess/GunUnblockablePatch/0.0.0/	953dce66ed8056d31f0b35a2f9b3558cc89883c28a5d666e2ce3dd0cd1a74f1a
Pykess-LegRaycastersPatch-0.0.0	thunderstore	https://thunderstore.io/package/download/Pykess/LegRaycastersPatch/0.0.0/	30c2a9e8effd9bde3a52d5f293c60b22fc2f079485101f95feb311cc529d85a3
Pykess-ModdingUtils-0.4.8	thunderstore	https://thunderstore.io/package/download/Pykess/ModdingUtils/0.4.8/	be3734e138c5a350fec55d5c64a1c39cbde9d36742c35c4969febd504b499e84
Pykess-PlayerJumpPatch-0.0.2	thunderstore	https://thunderstore.io/package/download/Pykess/PlayerJumpPatch/0.0.2/	7d75025899aa9799bbefeff0550d1d31ffeaa487d2ef43e4ed7bd190fe6526e0
Pykess-TeleportPatch-0.0.1	thunderstore	https://thunderstore.io/package/download/Pykess/TeleportPatch/0.0.1/	1eab14fa18af29e6483c866a47635da7a08fe9d72cffa022182ff5f720ba5286
Pykess-TemporaryStatsPatch-0.0.2	thunderstore	https://thunderstore.io/package/download/Pykess/TemporaryStatsPatch/0.0.2/	246264f2dd31a2d0b53ba843ffbba19d2961a86401c0c8ad3b3921c9f9499379
Root-CardThemeLib-1.1.7	thunderstore	https://thunderstore.io/package/download/Root/CardThemeLib/1.1.7/	54a80b348a5f9b26cfd46df4b1c51a6bdef5b8c61fd00ba5a21ab13320c355f3
Root-Classes_Manager_Reborn-1.5.5	thunderstore	https://thunderstore.io/package/download/Root/Classes_Manager_Reborn/1.5.5/	05bea2daf6edd542c6b8193ac50d1cda8c1b5244fc21bfd0082f3828fb360fb8
Root-GravityPatch-0.0.0	thunderstore	https://thunderstore.io/package/download/Root/GravityPatch/0.0.0/	fed7d23734ce2218792d1d0fa42b2e049536a99e152c2f8dc3be72cb260d4018
Root-RarityLib-1.3.0	thunderstore	https://thunderstore.io/package/download/Root/RarityLib/1.3.0/	feec620aa0efebc41f83f3a07c33b7eac34a806609b58e7ca16732c89da44455
Root-RegenerationPatch-0.0.0	thunderstore	https://thunderstore.io/package/download/Root/RegenerationPatch/0.0.0/	ecb032541a6645146507ba0419c398f2c50bc082fab31daae5730fe1fb245b3b
RoundsModding-AllThePatch-1.0.0	thunderstore	https://thunderstore.io/package/download/RoundsModding/AllThePatch/1.0.0/	8d938f03a2266a3d472dd5a38d82ba61a986bc81f96d6d1d7a1733ac4ecd3c4b
RoundsModding-Grow_Patch-0.0.0	thunderstore	https://thunderstore.io/package/download/RoundsModding/Grow_Patch/0.0.0/	caf0184d35a50a8ab16c36b6b1fd47fb655fb1d96b47293e7d87dd0d03ae9fb8
RoundsModding-Performance_Improvements-0.2.0	thunderstore	https://thunderstore.io/package/download/RoundsModding/Performance_Improvements/0.2.0/	580dbb6ed77e9aa89f22f4368ad52fae8cc990427b6690e3733a66c2d8e7c6a3
Senyksia-ResetAttackCooldownPatch-1.0.1	thunderstore	https://thunderstore.io/package/download/Senyksia/ResetAttackCooldownPatch/1.0.1/	eca8f3ffc8fa10223cb0c0abe9f001eed1b415e8bb0d90375713b703c7e25aa5
TeamDK-ZeroGBulletPatch-1.1.0	thunderstore	https://thunderstore.io/package/download/TeamDK/ZeroGBulletPatch/1.1.0/	01c0be920a0a852bfad07e6ed302ecef8e611374b387e62d87bd531b4b6b1af8
willis81808-ModsPlus-1.6.2	thunderstore	https://thunderstore.io/package/download/willis81808/ModsPlus/1.6.2/	ff4310c27e92595dcb053eafb6a3eddefe6710b48c9efdef77a68de28828918b
willuwontu-AttackLevelPatch-0.0.0	thunderstore	https://thunderstore.io/package/download/willuwontu/AttackLevelPatch/0.0.0/	c458e69141f57cd42a2ddf08052e20a60d1c817dc7c7f1246bfa80182a8206b4
willuwontu-BlockForcePatch-1.0.1	thunderstore	https://thunderstore.io/package/download/willuwontu/BlockForcePatch/1.0.1/	3b54ececf8065e3b7a916a2ffbedd02dbcfe492f82e175c055c7658661400ef2
willuwontu-RespawnPatch-1.0.6	thunderstore	https://thunderstore.io/package/download/willuwontu/RespawnPatch/1.0.6/	a40d5ded6ee3816d47fed19a489f771e73b91ca08b9dd84d20d3e6dc0c2eb4b6
willuwontu-StopShootingYoureDead-0.0.0	thunderstore	https://thunderstore.io/package/download/willuwontu/StopShootingYoureDead/0.0.0/	85474d549550f722622b4b3575a606333dbd3e641b864ff888fb98939dc9481d
willuwontu-WillsWackyMapObjects-1.2.4	thunderstore	https://thunderstore.io/package/download/willuwontu/WillsWackyMapObjects/1.2.4/	28ad3ada37222ea32398e30a696e4400cdd5d7c3e74e0dd85b1e9b9393d18956
XAngelMoonX-CR-2.7.0	thunderstore	https://thunderstore.io/package/download/XAngelMoonX/CR/2.7.0/	db059e5c38fb365cba8f019320f40e0d9510938fa2983442e82a58b9a8ee5ea7
Bknibb-UnboundLib-4.2.5/UnboundLib.dll	github	https://github.com/Bknibb/UnboundLib/releases/download/v4.2.5/UnboundLib.dll	3411ae8451f7ad2bc7a4bf1b2e5fe21a4581afff44619f8a34b03430f3d4f408
Bknibb-UnboundLib-4.2.5/MMHOOK_Assembly-CSharp.dll	github	https://github.com/Bknibb/UnboundLib/releases/download/v4.2.5/MMHOOK_Assembly-CSharp.dll	926b53b329d94f6a8842e6d51ca17ff96f081df59695d7862845d5ccce9e5a62
Bknibb-UnboundLib-4.2.5/Octokit.dll	github	https://github.com/Bknibb/UnboundLib/releases/download/v4.2.5/Octokit.dll	6a48642d6ae464b43a6cb50292618af6c73ada8d726644e50d4fa44a1783f638
Bknibb-RoundsWithFriends-3.0.10/RoundsWithFriends.dll	github	https://github.com/Bknibb/RoundsWithFriends/releases/download/v3.0.10/RoundsWithFriends.dll	1bd4d5aa47de0e04661710a77bb0b5f1214dac4b3baabc9364b3418ecbc8ab61
Keys-KeysMaps-5.4.0	thunderstore	https://thunderstore.io/package/download/Keys/KeysMaps/5.4.0/	a11802c99e83048b73b1bf0d7f909d37cfd01a45a12bd3f8dfe3b00997bb1c06
